term,coef,IRR,CI_low,CI_high,p,p_holm_all_terms
Intercept,3.247987061436337,25.738477762581056,11.300182734252225,58.624648212710305,1.0466267782051999e-14,9.4196410038468e-14
"C(spec_condition, Treatment(reference='G2'))[T.G1]",-1.260238737759008e-15,0.9999999999999988,0.9999999999999976,0.9999999999999999,0.03545292617352833,0.28362340938822667
"C(spec_condition, Treatment(reference='G2'))[T.G3]",-0.663350283032442,0.5151226336709389,0.26516962910801845,1.0006852165260296,0.05023679600218841,0.3516575720153189
C(task)[T.B],-0.3109665260491782,0.7327384031080892,0.3879000286636479,1.3841338688194558,0.3379392439319844,1.0
prompt_alignment,-0.24798496266555747,0.7803716778997154,0.1885604685364208,3.229626869273458,0.7322018224329507,1.0
z_prompt_count,-0.01831856016265715,0.98184820480992,0.6881769506418408,1.400840142043912,0.9195297862025914,1.0
z_total_prompt_length,0.022618606427564858,1.022876346679402,0.6489131346599698,1.61235142997136,0.9223959245600365,1.0
z_python_skill,0.09050428098717447,1.0947261941404118,0.773837258455466,1.5486789076674052,0.6091083107506319,1.0
z_llm_familiarity,0.05912760437418486,1.0609106089375078,0.7432895092823293,1.5142569699966457,0.7446411240305282,1.0
