term,coef,IRR,CI_low,CI_high,p,p_holm_all_terms
Intercept,3.141156933739634,23.130611969984663,13.240581168362919,40.407985367318204,2.5671881764485725e-28,2.053750541158858e-27
"C(spec_condition, Treatment(reference='G1'))[T.G2]",-0.04807398595854226,0.9530632711692745,0.5001374714331335,1.8161598575069342,0.8838201021435876,1.0
"C(spec_condition, Treatment(reference='G1'))[T.G3]",-0.741731624387843,0.4762884483349595,0.2444237695666894,0.9281040318602427,0.02931915323119395,0.20523407261835766
C(task)[T.B],-0.2242903417488339,0.7990830935025885,0.4744215432655987,1.3459207310157748,0.3991349154453496,1.0
z_prompt_count,-0.018396510462603474,0.981771672430753,0.7089041847939297,1.3596698079412035,0.9118339654889938,1.0
z_total_prompt_length,-0.03015322400079666,0.9702968493925841,0.704125039545356,1.3370863455574218,0.8537679451394766,1.0
z_python_skill,0.042507885496211484,1.043424284259478,0.7815498169897938,1.3930452202979942,0.7731177448965831,1.0
z_llm_familiarity,0.04335722249177218,1.0443108795619642,0.7992664773814742,1.364482615040251,0.7506561586745842,1.0
