alignment_variable,n,spearman_rho_pass_rate,p_pass_rate,spearman_rho_failure_count,p_failure_count,p_adj_bh_pass_rate,p_adj_bh_failure_count
alignment_score,47,0.1987002539348424,0.18059209390461045,-0.1987002539348424,0.18059209390461045,0.3611841878092209,0.3611841878092209
omission_rate,47,-0.1987002539348424,0.18059209390461045,0.1987002539348424,0.18059209390461045,0.3611841878092209,0.3611841878092209
explicitly_referred_to_specification,47,0.6305020126604877,2.0355222826556615e-06,-0.6305020126604877,2.0355222826556615e-06,1.6284178261245292e-05,1.6284178261245292e-05
carried_constraints_from_spec,47,0.11714751190028735,0.4329213314544731,-0.11714751190028735,0.4329213314544731,0.49476723594796923,0.49476723594796923
carried_edge_cases_from_spec,47,0.1269417008294841,0.3951685650590949,-0.1269417008294841,0.3951685650590949,0.49476723594796923,0.49476723594796923
asked_to_preserve_invariants,47,0.3375301586476925,0.020328423391602405,-0.3375301586476925,0.020328423391602405,0.08131369356640962,0.08131369356640962
asked_to_update_or_generate_tests_based_on_spec,47,-0.1643323146968467,0.2696827340414052,0.1643323146968467,0.2696827340414052,0.43149237446624833,0.43149237446624833
omitted_important_spec_elements,47,-0.03318020984897319,0.8247750266471813,0.03318020984897319,0.8247750266471813,0.8247750266471813,0.8247750266471813
