,CO,IV,TB,EC,AI
Functional Requirements,0.04166666666666663,0.33333333333333337,0.0,0.08333333333333337,0.33333333333333337
Invariants,0.04347826086956519,0.34782608695652173,0.0,0.08695652173913049,0.34782608695652173
Negative Requirements,0.04347826086956519,0.34782608695652173,0.0,0.08695652173913049,0.34782608695652173
Constraints,0.021276595744680882,0.17021276595744683,0.0,0.04255319148936165,0.17021276595744683
Acceptance Criteria,-0.040000000000000036,-0.31999999999999995,0.0,-0.07999999999999996,-0.31999999999999995
Exception Handling,-0.03125,0.125,0.0,-0.0625,0.125
Tie-Breaking Rules,0.04761904761904767,0.21164021164021163,0.0,0.010582010582010581,0.21164021164021163
