predictor,label,n_participants,present_n,absent_n,outcome,status,coef,odds_ratio,ci_low,ci_high,p_value,aic,p_adj_bh,p_value_fmt,p_adj_bh_fmt
before_frs,Functional Requirements,48,24,24,failure,ok,-1.0310900777726488,0.3566180072499491,0.2908084445132499,0.4373201861720019,3.906601107509968e-23,433.5577659815813,2.734620775256978e-22,<0.001,<0.001
before_invariants,Invariants,48,23,25,failure,ok,-0.9638342721546836,0.38142758142760175,0.31115513348870566,0.4675706238315708,1.7423283667440167e-20,446.31090733133055,3.049074641802029e-20,<0.001,<0.001
before_neg_req,Negative Requirements,48,23,25,failure,ok,-0.9638342721546836,0.38142758142760175,0.31115513348870566,0.4675706238315708,1.7423283667440167e-20,446.31090733133055,3.049074641802029e-20,<0.001,<0.001
before_constraints,Constraints,48,47,1,failure,ok,-0.3075656091697497,0.7352346278318308,0.36788151359804677,1.4694132158911528,0.38398124151359414,534.2555015999757,0.38398124151359414,0.384,0.384
before_ac,Acceptance Criteria,48,23,25,failure,ok,1.0048579932225805,2.731519351022319,2.228353468563874,3.3483009182640893,3.906129828652851e-22,438.5106557948674,1.367145440028498e-21,<0.001,<0.001
before_exception,Exception Handling,48,16,32,failure,ok,-0.3947807295298819,0.6738277735840795,0.5453705512376296,0.8325419614661976,0.00025392952559587136,521.5106075756004,0.0002962511131951833,<0.001,<0.001
before_tie_breaking,Tie-Breaking Rules,48,21,27,failure,ok,-0.687851828320331,0.5026546986988473,0.41048844190156236,0.6155148850320583,2.8181307743367925e-11,489.9375455574312,3.9453830840715095e-11,<0.001,<0.001
