predictor,label,n_participants,present_n,absent_n,outcome,status,coef,odds_ratio,ci_low,ci_high,p_value,aic,p_adj_bh,p_value_fmt,p_adj_bh_fmt
before_frs,Functional Requirements,48,24,24,success,ok,1.031090077772649,2.8041208791207026,2.286654107493431,3.438689690300372,3.906601107509911e-23,433.55776598158104,2.734620775256938e-22,<0.001,<0.001
before_invariants,Invariants,48,23,25,success,ok,0.9638342721546838,2.621729651162651,2.1387143439537857,3.213830955600475,1.7423283667439917e-20,446.31090733133055,3.049074641801986e-20,<0.001,<0.001
before_neg_req,Negative Requirements,48,23,25,success,ok,0.9638342721546838,2.621729651162651,2.1387143439537857,3.213830955600475,1.7423283667439917e-20,446.31090733133055,3.049074641801986e-20,<0.001,<0.001
before_constraints,Constraints,48,47,1,success,ok,0.30756560916974907,1.3601100412652598,0.6805437634460988,2.718266515268866,0.3839812415135946,534.2555015999756,0.3839812415135946,0.384,0.384
before_ac,Acceptance Criteria,48,23,25,success,ok,-1.0048579932225803,0.36609661931398463,0.29865893908915614,0.4487618387779739,3.9061298286529344e-22,438.5106557948675,1.3671454400285271e-21,<0.001,<0.001
before_exception,Exception Handling,48,16,32,success,ok,0.3947807295298818,1.4840587449831806,1.201140658710932,1.8336156907091203,0.00025392952559587326,521.5106075756004,0.00029625111319518546,<0.001,<0.001
before_tie_breaking,Tie-Breaking Rules,48,21,27,success,ok,0.6878518283203313,1.9894372868463424,1.6246560795161218,2.4361221849939603,2.8181307743367194e-11,489.9375455574311,3.9453830840714073e-11,<0.001,<0.001
