specification,clarification,code_generation,debugging,test_generation,other
G2,0.2616822429906542,0.0,0.2336448598130841,0.0,0.5046728971962616
G3,0.3445378151260504,0.0,0.1092436974789916,0.0,0.5462184873949579
