specification,n,llm_familiarity_n,llm_familiarity_mean,llm_familiarity_sd,python_skill_n,python_skill_mean,python_skill_sd
G1,24,20,3.6,1.0462967275611939,20,3.15,1.0894228312566052
G2,24,23,3.5217391304347827,0.8979555170897592,23,2.739130434782609,0.7518094115561124
G3,24,22,3.3181818181818183,0.8387271329003274,22,2.6363636363636362,1.0021621646864367
