term,coef,se,p_value,OR,OR_ci_low,OR_ci_high
Intercept,-3.171741699905006,2.157384118213532,0.14151317095602362,0.04193050391334269,0.0006111691032089236,2.8767278142753727
"C(specification, Treatment(reference=""G1""))[T.G2]",-0.04041638629337898,1.0822772395266769,0.9702108518960981,0.9603894628771351,0.11513605107445306,8.010939334796129
"C(specification, Treatment(reference=""G1""))[T.G3]",0.8660153214166145,0.9886476741534276,0.38105205183950097,2.3774187051054705,0.3424264073826056,16.506085913724664
C(Task)[T.B],0.688898119188363,0.7998947102396066,0.3891080773726221,1.991519906234924,0.41525324983535894,9.55116314803671
llm_familiarity,0.027954292159900047,0.47084782458252994,0.9526573113215804,1.0283486797501713,0.4086523492535076,2.5877766494568695
python_skill,0.13694872278712927,0.42894822346375167,0.7495245664746961,1.1467693438769824,0.49471455147525006,2.6582600494253628
