specification,predicted_probability,predicted_probability_pct
G1,0.08333333333345819,8.333333333345818
G2,0.0833333333334582,8.33333333334582
G3,0.16666666666672075,16.666666666672075
