specification,n,p2_prompt_count_mean,p2_prompt_count_sd,p2_average_prompt_len_mean,p2_average_prompt_len_sd,prompt_count_change_mean,clarification_mean,debugging_mean,code_generation_mean,test_generation_mean
G1,24,5.916666666666667,4.412597250231843,170.46215728715728,131.95245350314394,1.1304347826086956,2.2916666666666665,0.625,1.7083333333333333,1.2916666666666667
G2,24,4.25,2.7226904852114338,311.2113095238095,217.59944622423006,-0.20833333333333334,1.3333333333333333,0.2916666666666667,1.7083333333333333,0.9166666666666666
G3,24,5.541666666666667,4.323637424635667,263.02146309912854,149.2947286666271,0.5217391304347826,1.625,0.4583333333333333,2.625,0.8333333333333334
