term,coef,se,p_value,ci_low,ci_high,OR,OR_ci_low_wald,OR_ci_high_wald
Intercept,-2.7241814838249363,0.8838354294957278,0.002054580465049615,-4.456467093897053,-0.9918958737528196,0.06559987530810803,0.011603284273729699,0.37087289589054245
"C(specification, Treatment(reference=""G1""))[T.G2]",3.5008483747299924e-16,1.0477209511985461,0.9999999999999998,-2.0534953301971974,2.0534953301971983,1.0000000000000004,0.12828571807502462,7.795099992465073
"C(specification, Treatment(reference=""G1""))[T.G3]",0.7953240287722879,0.9233829838725436,0.38906432957018167,-1.0144733635550272,2.6051214210996028,2.2151586556663534,0.36259333442403235,13.532868378752909
C(Task)[T.B],0.5824372263032955,0.7780198084755751,0.4540893448343509,-0.9424535775675822,2.1073280301741733,1.790396719502808,0.389670574501524,8.226231650431895
