term,coef,OR,profile_ci_low_coef,profile_ci_high_coef,OR_ci_low_profile,OR_ci_high_profile
Intercept,-2.7241814838249363,0.06559987530810803,-4.813943653366989,-1.236879059532706,0.0081157906395366,0.29028877966283456
"C(specification, Treatment(reference=""G1""))[T.G2]",3.5008483747299924e-16,1.0000000000000004,-2.196187269622288,2.196187269617775,0.11122642732262791,8.99066907089307
"C(specification, Treatment(reference=""G1""))[T.G3]",0.7953240287722879,2.2151586556663534,-0.9531635106012636,2.853722987987341,0.38551949730105967,17.35226400336628
C(Task)[T.B],0.5824372263032955,1.790396719502808,-0.9156350257709273,2.2431411043629534,0.4002623684501877,9.42288310971353
