term,coef,se_robust,p_value,ci_low,ci_high,IRR,IRR_ci_low,IRR_ci_high
Intercept,-3.401197381667737,0.892827385744387,0.0001392661125531979,-5.151106902137785,-1.6512878611976887,0.03333333333314727,0.005792988904850731,0.19180273419276256
"C(specification, Treatment(reference='G1'))[T.G2]",1.5040773967915553,1.0719775195612258,0.16059098770809466,-0.5969599337850284,3.605114727368139,4.500000000068765,0.5504825984384644,36.78590396510514
"C(specification, Treatment(reference='G1'))[T.G3]",0.693147180560096,0.8195527235423749,0.39768509912480865,-0.9131466410146704,2.2994410021348624,2.0000000000003015,0.40125961547891037,9.968608466185005
C(Task)[T.B],1.3862943611278506,0.8680544444369536,0.11026277641274224,-0.31506108658850374,3.087649808844205,4.00000000003184,0.7297442953180016,21.92548828803434
